capability,method,input_schema,output_schema,caliber,unit,frequency,lag,dataView,auth,rate_limit,sla,notes
housevalue.realestate.address.resolve,read,"{""city"":""string"",""address"":""string""}","{""query_id"":""string"",""candidates"":""object[]"",""coverage"":""object""}",平台地址标准化与覆盖查询口径,地址候选,按需,实时,internal,平台密钥库,待平台注册后约定,待平台注册后约定,只读能力；保存候选和覆盖状态
housevalue.realestate.sale-comparables.query,read,"{""city"":""string"",""subject"":""object"",""as_of_date"":""date""}","{""query_id"":""string"",""data_version"":""string"",""comparables"":""object[]""}",平台已发布二手住宅交易可比口径,元/平方米,按需,随正式数据版本,internal,平台密钥库,待平台注册后约定,待平台注册后约定,成交与挂牌来源类型必须分离
housevalue.realestate.rent-comparables.query,read,"{""city"":""string"",""subject"":""object"",""as_of_date"":""date""}","{""query_id"":""string"",""data_version"":""string"",""comparables"":""object[]""}",平台已发布住宅租赁可比口径,元/月及元/平方米/月,按需,随正式数据版本,internal,平台密钥库,待平台注册后约定,待平台注册后约定,挂牌成交和模型结果不得混用
housevalue.realestate.valuation.infer,read,"{""subject"":""object"",""data_version"":""string""}","{""inference_id"":""string"",""model_version"":""string"",""result"":""object""}",平台已发布住宅市场价值参考模型推理口径,元及元/平方米,按需,实时推理,internal,平台密钥库,待平台注册后约定,待平台注册后约定,候选影子和 Demo 模型不得作为正式结果
housevalue.realestate.rent.infer,read,"{""subject"":""object"",""data_version"":""string""}","{""inference_id"":""string"",""model_version"":""string"",""result"":""object""}",平台已发布住宅租金参考模型推理口径,元/月及元/平方米/月,按需,实时推理,internal,平台密钥库,待平台注册后约定,待平台注册后约定,候选影子和 Demo 模型不得作为正式结果
housevalue.realestate.hold-return.calculate,read,"{""market_value_snapshot"":""object"",""rent_snapshot"":""object"",""assumptions"":""object""}","{""calculation_snapshot_id"":""string"",""rule_version"":""string"",""results"":""object""}",平台确定性持有收益与收购价测算口径,元及百分比,按需,实时计算,internal,平台密钥库,待平台注册后约定,待平台注册后约定,语言模型不得参与 NOI DCF IRR 或敏感性算术
housevalue.realestate.report.generate,write,"{""structured_snapshot"":""object"",""output_template_id"":""string""}","{""report_id"":""string"",""editable_artifact"":""DOCX"",""render_status"":""string""}",结构化快照驱动的估值咨询报告口径,DOCX,按需,随模板和快照版本,internal,平台密钥库,待平台注册后约定,待平台注册后约定,质量通过后直接交付；新四报告走 v2 异步生成契约
housevalue.realestate.v2.subject.validate,read,见 v2-provider-contract.md,见 v2-provider-contract.md,城市及冻结资源版本绑定,见结构化字段,按需,绑定快照有效月,internal,平台既有服务身份；无报告角色分层,待平台注册,推理120秒；生成异步,拟议契约，待平台绑定；read
housevalue.realestate.v2.marketvalue.infer,read,见 v2-provider-contract.md,见 v2-provider-contract.md,城市及冻结资源版本绑定,见结构化字段,按需,绑定快照有效月,internal,平台既有服务身份；无报告角色分层,待平台注册,推理120秒；生成异步,拟议契约，待平台绑定；compute
housevalue.realestate.v2.rentvalue.infer,read,见 v2-provider-contract.md,见 v2-provider-contract.md,城市及冻结资源版本绑定,见结构化字段,按需,绑定快照有效月,internal,平台既有服务身份；无报告角色分层,待平台注册,推理120秒；生成异步,拟议契约，待平台绑定；compute
housevalue.realestate.v2.report.generate,write,见 v2-provider-contract.md,见 v2-provider-contract.md,城市及冻结资源版本绑定,见结构化字段,按需,绑定快照有效月,internal,平台既有服务身份；无报告角色分层,待平台注册,推理120秒；生成异步,拟议契约，待平台绑定；create_task_artifacts
housevalue.realestate.v2.job.status,read,见 v2-provider-contract.md,见 v2-provider-contract.md,城市及冻结资源版本绑定,见结构化字段,按需,绑定快照有效月,internal,平台既有服务身份；无报告角色分层,待平台注册,推理120秒；生成异步,拟议契约，待平台绑定；read
housevalue.realestate.v2.file.get,read,见 v2-provider-contract.md,见 v2-provider-contract.md,城市及冻结资源版本绑定,见结构化字段,按需,绑定快照有效月,internal,平台既有服务身份；无报告角色分层,待平台注册,推理120秒；生成异步,拟议契约，待平台绑定；read
